"File","SHA256","MatchesSource"
"001_이혼_통보받던_날.md","F46C797253CE195C971357DD42307535530C4AE75D9BA5677337045E1DE8AC69","True"
"002_명함_없는_목소리.md","2D6EDEB72F1511F04ED6351DDA5863C9A6C7AF9CCDB75DCA2C1ED3C2894F61AB","True"
"003_두_개의_그림자.md","3D78BE5C4831AF39041A855F08AB6799579E4D394302C81025FEB53C19A100E6","True"
"004_재산을_노린_여자.md","5A133F66454D4B2E0C566C8884870C4E57ED805E3E013A41AD5AA20CF0EFDBF9","True"
"005_두_번째_전장.md","7FE9A94345DB18ADFD5ED75C84FF9FC57786D15639B2649C56B7104ED18F2613","True"
"006_회장의_초대장.md","E4B9BA0B768C6B74AC3503E04636B830FC5320916951426403AD3B35BA060944","True"
"007_이간질하는_손.md","D15A9A434441471AF5B76FF56C941FC7463F4EAB3032C8F0DA1D3DC0516A1BE1","True"
"008_동료의_이름.md","11CBC718371BAB4B17EFBE8D062273C6D127FE638FA505AAF1ECE2A4F5BA89A5","True"
"009_차가운_재회.md","F45C262DC728461BF190DEAF67DB71A65B86B882717EDBDF384829A2A01CA811","True"
"010_누군가_묻고_있다.md","78BE52F09EE23531ED3CA8B52287FA9AA0397B8F3C10FC190B53D391A3C4A351","True"
"011_스스로_판_덫.md","8F646E259DE60D232AAB3CCEB3227D82BA602AC5438365C20F059440F4882BDB","True"
"012_먼저_본_사람.md","924BADACDC24B9EF46E0C6EE58E65E72637686515EE742AA8CAA76D5D21246EE","True"
"013_짜여진_그물.md","2D406C4C99BA9C6F0B53BF0756C18E12EF36608C893F0E9F801A0F2C755A61CE","True"
"014_전부_알고_있다.md","8724DF33A015AB54A973B7976E3D8CA88EEDDF4DFF1D4421D6A6D84CBD4D06B4","True"
"015_최후통첩.md","B9A1A196C6812558AA4CD9D7E015E9CDCF5042E63D3F1AB2073F90E62F542708","True"
"세계관.md","8FCC0CA630F54043388B1A05F19EC97AE33232DC062E9BDB19052A6AE5071BE0","True"
"캐릭터.md","47DE13A2A3C930BF33A76B9928D9DF09918FAB85F734A16D8ED41CBF8A21ADAE","True"
"타임라인.md","6D14E091F90AA717DC3EAB7512EF7C88CB1B841F86EB2270E94AE5CE37FD67A9","True"
"팀구성.md","6C51CB4935CF348BF2D9B17D5DB9ADF84FB9A7878CBBAB1E4CDB0E3FA8608087","True"
"플롯.md","0F23876199EA294E3B80776C91C9FE61C085DE03055B1CC1083FC74AAEC14116","True"
"회차개요_1막.md","AD10CE84F05C0F7D9E35BEA8A707AAA25A19D74DE9BB485CB738DB3912BBAC10","True"
